SMILES,Name
NC(=O)c1ccc2nc(cn2c1)C(=O)N3CCC[C@@H]3c4cccc(c4)C(=O)Nc5nc6CC[C@H](Cc6s5)N7CCOCC7,CHEMBL3704375
CN1CCc2nc(NC(=O)c3cccc(c3)[C@H]4CCCN4C(=O)c5nnn(c5c6ccccc6)c7nonc7N)sc2C1,CHEMBL3700923
C[N@@H+]1CC[C@@H](CC1)OC(=O)Cc2ccc(NC(=O)c3cccc(c3)c4cc(ccc4CN)C(=O)Nc5ccncc5F)cc2,CHEMBL3426729
CCCC(=O)Nc1cccc(c1)c2nc(Nc3ccc4[nH]ncc4c3)c5cc(OCCN6CC[NH+](C)CC6)c(OC)cc5n2,CHEMBL3666727
O=C(Nc1nc2CC[C@@H](Cc2s1)N3CCOCC3)c4cccc(c4)[C@H]5CCCN5C(=O)c6ccc(cc6)c7ccncc7,CHEMBL3704379
C[NH+](C)CCSc1nc(nc2ccc(cc12)c3cn[nH]c3)[C@H]4COc5ccc(cc5C4)C(=O)NCCN6CCOCC6,CHEMBL1684220
C[NH+](C)[C@H]1CCc2nc(NC(=O)c3cccc(CNC(=O)c4nnn(c4c5ccccc5)c6nonc6N)c3)sc2C1,CHEMBL3680773
O=C(Nc1nc2CC[C@@H](Cc2s1)N3CCOCC3)c4cccc(c4)[C@H]5CCCN5C(=O)c6cc([nH]n6)c7ccncc7,CHEMBL3704382
O=C(Nc1nc2CC[C@@H](Cc2s1)N3CCOCC3)c4cccc(c4)[C@H]5CCCN5C(=O)c6ccc7NC(=O)C=Cc7c6,CHEMBL3704376
O=C(Nc1nc2CC[C@@H](Cc2s1)N3CCOCC3)c4cccc(c4)[C@H]5CCCN5C(=O)c6ccc(cc6)c7ocnc7,CHEMBL3704372
O=C(Nc1nc2CC[C@@H](Cc2s1)N3CCOCC3)c4cccc(c4)[C@H]5CCCN5C(=O)c6ccc(cc6)n7ccnc7,CHEMBL3704374
Oc1ccc2cc(ccc2c1)C(=O)N3CCC[C@@H]3c4cccc(c4)C(=O)Nc5nc6CC[C@@H](Cc6s5)N7CCOCC7,CHEMBL3704378
O=C(Nc1nc2CC[C@@H](Cc2s1)N3CCOCC3)c4cccc(c4)[C@H]5CCCN5C(=O)c6cccc(c6)c7cn[nH]c7,CHEMBL3704383
O=C(Nc1nc2CC[C@@H](Cc2s1)N3CCOCC3)c4cccc(c4)[C@H]5CCCN5C(=O)N6CCc7c(cccc67)C#N,CHEMBL3700980
NCc1ccc(cc1c2cccc(c2)C(=O)Nc3ccc(CC(=O)O[C@@H]4CCCOC4)cc3)C(=O)Nc5ccncc5F,CHEMBL3426728
NCc1ccc(cc1c2cccc(c2)C(=O)Nc3ccc(CC(=O)OC4CCOCC4)cc3)C(=O)Nc5ccncc5F,CHEMBL3426725
O=C(Nc1nc2CC[C@@H](Cc2s1)N3CCOCC3)c4cccc(c4)[C@H]5CCCN5C(=O)c6cn7ccc(cc7n6)C#N,CHEMBL3700958
COc1ccc(cc1Cl)C(=O)N2CCC[C@@H]2c3cccc(c3)C(=O)Nc4nc5CC[C@@H](Cc5s4)N6CCOCC6,CHEMBL3700983
CCCC(=O)Nc1cccc(c1)c2nc(Nc3ccc4[nH]ncc4c3)c5cc(OCCN6CCCC6=O)c(OC)cc5n2,CHEMBL3666725
COc1ccc(cc1OC)C(=O)N2CCC[C@@H]2c3cccc(c3)C(=O)Nc4nc5CC[C@@H](Cc5s4)N6CCOCC6,CHEMBL3700982
Cc1nc(sc1C(=O)NCc2cccc(c2)C(=O)Nc3nc4CC[C@@H](Cc4s3)N5CCOCC5)c6ccncc6,CHEMBL3680787
C[NH+](C)[C@H]1CCc2nc(NC(=O)c3cccc(c3)[C@H]4CCCN4C(=O)c5sc(nc5C)c6ccncc6)sc2C1,CHEMBL3700940
CCn1c(nc2cnc(Oc3cccc(NC(=O)c4ccc(OCCN5CCOCC5)cc4)c3)cc12)c6nonc6N,CHEMBL220241
NCc1ccc(cc1c2cccc(c2)C(=O)Nc3cccc(C(=O)OC4CCCC4)c3F)C(=O)Nc5ccncc5F,CHEMBL3426642
NCc1ccc(cc1c2cccc(c2)C(=O)Nc3ccc(CC(=O)OC4CCCC4)cc3)C(=O)Nc5ccncc5F,CHEMBL3426727
CCCC(=O)Nc1cccc(c1)c2nc(Nc3ccc4[nH]ncc4c3)c5cc(OCCN6CC[NH+](C)CC6)ccc5n2,CHEMBL3666722
Cc1c(nnn1c2nonc2N)C(=O)NCc3cccc(c3)C(=O)Nc4nc5CC[C@@H](Cc5s4)N6CCOCC6,CHEMBL3680781
COc1ccc(cc1C)C(=O)N2CCC[C@@H]2c3cccc(c3)C(=O)Nc4nc5CC[C@@H](Cc5s4)N6CCOCC6,CHEMBL3704370
O=C(NCc1cccc(c1)C(=O)Nc2nc3CC[C@@H](Cc3s2)N4CCOCC4)c5csc(n5)c6ccncc6,CHEMBL3680785
O=C(NCc1cccc(c1)C(=O)Nc2nc3CC[C@@H](Cc3s2)N4CCOCC4)c5csc(n5)c6cccnc6,CHEMBL3680778
COCCOC(=O)c1ccc(F)c(c1)C(=O)Nc2cccc(c2)c3cc(ccc3CN)C(=O)Nc4ccncc4F,CHEMBL3426640
C[NH+](C)[C@H]1CCc2nc(NC(=O)c3cccc(c3)[C@H]4CCCN4C(=O)c5csc(n5)c6ccncc6)sc2C1,CHEMBL3700968
C[NH+](C)[C@H]1CCc2nc(NC(=O)c3cccc(c3)[C@H]4CCCN4C(=O)c5csc(n5)c6cccnc6)sc2C1,CHEMBL3700966
Cc1nnnn1c2ccc(cc2)C(=O)NCc3cccc(c3)C(=O)Nc4nc5CC[C@@H](Cc5s4)N6CCOCC6,CHEMBL3680790
CC[C@H](C)OC(=O)c1ccc(F)c(NC(=O)c2cccc(c2)c3cc(ccc3CN)C(=O)Nc4ccncc4F)c1,CHEMBL3426635
CC[C@@H](C)OC(=O)c1ccc(F)c(NC(=O)c2cccc(c2)c3cc(ccc3CN)C(=O)Nc4ccncc4F)c1,CHEMBL3426636
C[NH+](C)[C@H]1CCc2nc(NC(=O)c3cccc(c3)[C@H]4CCCN4C(=O)c5cn6cc(ccc6n5)C(=O)N)sc2C1,CHEMBL3700975
O=C(COc1cccc(c1)C(=O)Nc2nc3CC[C@@H](Cc3s2)N4CCN(CC4)C5CC5)Nc6ccc(cc6)C#N,CHEMBL3704393
O=C(Nc1cccc(c1)C#N)N2CCC[C@@H]2c3cccc(c3)C(=O)Nc4nc5CC[C@@H](Cc5s4)N6CCOCC6,CHEMBL3700934
CN1CCc2nc(NC(=O)c3cccc(CNC(=O)c4nnn(c4c5ccccc5)c6nonc6N)c3)sc2C1,CHEMBL3680721
CC[C@@H](C)OC(=O)Cc1ccc(NC(=O)c2cccc(c2)c3cc(ccc3CN)C(=O)Nc4ccncc4F)cc1,CHEMBL3426724
CC[C@H](C)OC(=O)Cc1ccc(NC(=O)c2cccc(c2)c3cc(ccc3CN)C(=O)Nc4ccncc4F)cc1,CHEMBL3426723
NCc1ccc(cc1c2cccc(c2)C(=O)Nc3ccc(CC(=O)OC4CCC4)cc3)C(=O)Nc5ccncc5F,CHEMBL3426726
C[NH+](C)[C@H]1CCc2nc(NC(=O)c3cccc(c3)[C@H]4CCCN4C(=O)c5ccc(cc5)c6ccncc6)sc2C1,CHEMBL3700963
CCCC(=O)Nc1cccc(c1)c2nc(Nc3ccc4[nH]ncc4c3)c5cc(OCC[N@@H+]6CC[C@H](O)C6)ccc5n2,CHEMBL3666724
CCCC(=O)Nc1cccc(c1)c2nc(Nc3ccc4[nH]ncc4c3)c5cc(OCC[NH+]6CCCCC6)ccc5n2,CHEMBL3666721
CCCC(=O)Nc1cccc(c1)c2nc(Nc3ccc4[nH]ncc4c3)c5cc(OCCN6CCCC6=O)ccc5n2,CHEMBL3666723
CN1CCc2ccc(NC(=O)c3cccc(CNC(=O)c4nnn(c4c5ccccc5)c6nonc6N)c3)cc2C1,CHEMBL3680762
CCCOC(=O)c1ccc(F)c(NC(=O)c2cccc(c2)c3cc(ccc3CN)C(=O)Nc4ccncc4F)c1,CHEMBL3426634
C[NH+]1CCN(CCNC(=O)c2cccc(CN(C3CC3)C(=O)c4nc5ccc(cc5s4)c6cn[nH]c6)c2)CC1,15.D8
O=C(NCc1cccc(c1)C(=O)Nc2nc3CC[C@@H](Cc3s2)N4CCOCC4)c5ccc(cc5)c6ocnc6,CHEMBL3680784
O=C(Nc1nc2CC[C@@H](Cc2s1)N3CCOCC3)c4cccc(CNC(=O)c5cc(n[nH]5)c6ccncc6)c4,CHEMBL3680786
FC(F)(F)CC[NH2+][C@H]1CCc2[nH+]c(NC(=O)c3cccc(COC(=O)Nc4ccc(cc4)C#N)c3)sc2C1,CHEMBL3704388
O=C(NCc1cccc(c1)C(=O)Nc2nc3CC[C@@H](Cc3s2)N4CCOCC4)c5cccc(c5)c6cn[nH]c6,CHEMBL3680788
O=C(NCc1cccc(c1)C(=O)Nc2nc3CC[C@@H](Cc3s2)N4CCOCC4)c5ccc(cc5)n6ccnc6,CHEMBL3680789
C[NH+](C)[C@H]1CCc2nc(NC(=O)c3cccc(c3)[C@H]4CCCN4C(=O)c5ccc6NC(=O)C=Cc6c5)sc2C1,CHEMBL3700978
C[NH+](C)[C@H]1CCc2nc(NC(=O)c3cccc(c3)[C@H]4CCCN4C(=O)c5ccc(cc5)c6ocnc6)sc2C1,CHEMBL3700965
C[NH+](C)[C@H]1CCc2nc(NC(=O)c3cccc(c3)[C@H]4CCCN4C(=O)c5cc([nH]n5)c6ccncc6)sc2C1,CHEMBL3700969
O=C(NCc1cccc(c1)C(=O)Nc2nc3CC[C@@H](Cc3s2)N4CCOCC4)c5cn6ccc(cc6n5)C#N,CHEMBL3680779
C[NH+](C)[C@H]1CCc2nc(NC(=O)c3cccc(c3)[C@H]4CCCN4C(=O)c5ccc(cc5)n6ccnc6)sc2C1,CHEMBL3700974
C[NH+](C)[C@H]1CCc2nc(NC(=O)c3cccc(c3)[C@H]4CCCN4C(=O)c5ccc6cc(O)ccc6c5)sc2C1,CHEMBL3700972
C[NH+](C)[C@H]1CCc2nc(NC(=O)c3cccc(c3)[C@H]4CCCN4C(=O)c5cccc(c5)c6cn[nH]c6)sc2C1,CHEMBL3700977
O=C(NCc1cccc(c1)C(=O)Nc2nc3CC[C@@H](Cc3s2)N4CCOCC4)c5cc6ccc(cc6[nH]5)C#N,CHEMBL3680792
CC[C@H](C)OC(=O)c1cccc(NC(=O)c2cccc(c2)c3cc(ccc3CN)C(=O)Nc4ccncc4F)c1,CHEMBL3426632
CC(C)OC(=O)Cc1ccc(NC(=O)c2cccc(c2)c3cc(ccc3CN)C(=O)Nc4ccncc4F)cc1,CHEMBL3426647
CCCC(=O)Nc1cccc(c1)c2nc(Nc3ccc4[nH]ncc4c3)c5cc(OCC[NH+]6CCCC6)ccc5n2,CHEMBL1968705
C[NH+](C)[C@H]1CCc2nc(NC(=O)c3cccc(CNC(=O)c4sc(nc4C)c5ccncc5)c3)sc2C1,CHEMBL3680804
COCCNC(=O)c1ccc2OC[C@@H](Cc2c1)c3nc(SCC[NH+](C)C)c4cc(ccc4n3)c5cn[nH]c5,CHEMBL1684219
CN1CCc2nc(NC(=O)c3cccc(c3)[C@H]4CCCN4C(=O)c5csc(n5)c6ccncc6)sc2C1,CHEMBL3700948
CN1CCc2nc(NC(=O)c3cccc(c3)[C@H]4CCCN4C(=O)c5csc(n5)c6cccnc6)sc2C1,CHEMBL3700944
CN1CC[NH+](CC1)[C@H]2CCc3nc(NC(=O)c4cccc(OCC(=O)Nc5ccc(cc5)C#N)c4)sc3C2,CHEMBL3704395
CN1CCc2nc(NC(=O)c3cccc(c3)[C@H]4CCCN4C(=O)c5cn6cc(ccc6n5)C(=O)N)sc2C1,CHEMBL3700954
CCC[NH2+][C@H]1CCc2nc(NC(=O)c3cccc(c3)[C@H]4CCCN4C(=O)Nc5cccc(c5)C#N)sc2C1,CHEMBL3700924
CCC[NH2+][C@H]1CCc2nc(NC(=O)c3cccc(c3)[C@@H](C)NC(=O)c4ccc(OC)c(Cl)c4)sc2C1,CHEMBL3700928
CCCC(=O)Nc1cccc(c1)c2nc(Nc3ccc4[nH]ncc4c3)c5cc(OCCOC)c(OC)cc5n2,CHEMBL3666726
CCCC(=O)Nc1cccc(c1)c2nc(Nc3ccc4[nH]ncc4c3)c5cc(OC)c(OCCOC)cc5n2,CHEMBL3666758
CC(C)OC(=O)c1cccc(NC(=O)c2cccc(c2)c3cc(ccc3CN)C(=O)Nc4ccncc4F)c1,CHEMBL3426630
CCCOC(=O)c1cccc(c1)C(=O)Nc2cccc(c2)c3cc(ccc3CN)C(=O)Nc4ccncc4F,CHEMBL3426638
CCCOC(=O)c1ccc(NC(=O)c2cccc(c2)c3cc(ccc3CN)C(=O)Nc4ccncc4F)cc1,CHEMBL3426730
CN1CCc2nc(NC(=O)c3cccc(c3)[C@H]4CCCN4C(=O)c5ccc(cc5)c6ccncc6)sc2C1,CHEMBL3700922
O=C(Nc1cccc(c1)C#N)N2CCC[C@@H]2c3cccc(c3)C(=O)Nc4ccc(CCN5CCOCC5)cc4,CHEMBL3700914
CCCC(=O)Nc1cccc(c1)c2nc(Nc3ccc4c(cnn4C)c3)c5cc(OCC[NH+](C)C)ccc5n2,CHEMBL3666754
CCCC[C@@H](NC(=O)c1ccc(OC)c(OC)c1)c2cccc(c2)C(=O)Nc3nc4CCN(C)Cc4s3,CHEMBL3700971
CCC[NH2+][C@H]1CCc2nc(NC(=O)c3cccc(c3)[C@@H](C)NC(=O)c4ccc(OC)c(OC)c4)sc2C1,CHEMBL3700926
C[NH+](C)[C@H]1CCc2nc(NC(=O)c3cccc(CNC(=O)c4nnn(c4C)c5nonc5N)c3)sc2C1,CHEMBL3680775
COCC[N@H+](C)[C@H]1CCc2nc(NC(=O)c3cccc(OCC(=O)Nc4ccc(cc4)C#N)c3)sc2C1,CHEMBL3704397
COCCOC(=O)N1CCC2(CC1)CN(C(=O)N2Cc3cccc(OC)c3)c4ccc(cc4)c5cn[nH]c5,29-98
C[NH+](C)[C@H]1CCc2nc(NC(=O)c3cccc(CNC(=O)c4csc(n4)c5ccncc5)c3)sc2C1,CHEMBL3680774
C[NH+](C)[C@H]1CCc2nc(NC(=O)c3cccc(CNC(=O)c4csc(n4)c5cccnc5)c3)sc2C1,CHEMBL3680753
C[NH+](C)[C@H]1CCc2nc(NC(=O)c3cccc(CNC(=O)c4ccc(s4)c5ccncc5)c3)sc2C1,CHEMBL3680765
O=C(COc1cccc(c1)C(=O)Nc2nc3CC[C@@H](Cc3s2)N4CCOCC4)Nc5ccc(cc5)C#N,CHEMBL3700911
C[NH+](C)[C@H]1CCc2nc(NC(=O)c3cccc(CNC(=O)c4ccc(cc4)n5nnnc5C)c3)sc2C1,CHEMBL3680751
COC(=O)c1cccc(NC(=O)c2cccc(c2)c3cc(ccc3CN)C(=O)Nc4ccncc4F)c1F,CHEMBL3426641
COC(=O)c1ccc(F)c(NC(=O)c2cccc(c2)c3cc(ccc3CN)C(=O)Nc4ccncc4F)c1,CHEMBL3426633
COC(=O)c1ccc(F)c(c1)C(=O)Nc2cccc(c2)c3cc(ccc3CN)C(=O)Nc4ccncc4F,CHEMBL3426639
C[NH+](C)CCSc1nc(nc2ccc(cc12)c3cn[nH]c3)[C@H]4COc5ccc(cc5C4)C(=O)NC6CC6,CHEMBL1684218
C[NH+](C)[C@H]1CCc2nc(NC(=O)c3cccc(c3)[C@H]4CCCN4C(=O)Nc5cccc(c5)C#N)sc2C1,CHEMBL3700932
COc1nc(ccc1c2cn[nH]c2)N3CC4(CCN(CC(F)F)CC4)N(Cc5cccc(F)c5C)C3=O,29-137
CN1CCc2nc(NC(=O)c3cccc(c3)[C@H]4CCCN4C(=O)c5cc([nH]n5)c6ccncc6)sc2C1,CHEMBL3700950
CN1CCc2nc(NC(=O)c3cccc(c3)[C@H]4CCCN4C(=O)c5ccc(cc5)c6ocnc6)sc2C1,CHEMBL3700953
CN1CCc2nc(NC(=O)c3cccc(c3)[C@H]4CCCN4C(=O)N5CCc6c(cccc56)C#N)sc2C1,CHEMBL3700936
CN1CCc2nc(NC(=O)c3cccc(c3)[C@H]4CCCN4C(=O)c5ccc6cc(O)ccc6c5)sc2C1,CHEMBL3700935
CN1CCc2nc(NC(=O)c3cccc(c3)[C@H]4CCCN4C(=O)c5cccc(c5)c6cn[nH]c6)sc2C1,CHEMBL3700956
COC(=O)Cc1cccc(NC(=O)c2cccc(c2)c3cc(ccc3CN)C(=O)Nc4ccncc4F)c1,CHEMBL3426623
COC(=O)Cc1ccc(NC(=O)c2cccc(c2)c3cc(ccc3CN)C(=O)Nc4ccncc4F)cc1,CHEMBL3426625
C[NH+](C)[C@H]1CCc2nc(NC(=O)c3cccc(CNC(=O)c4ccc(cc4)c5ccncc5)c3)sc2C1,CHEMBL3680752
CN1CCc2nc(NC(=O)c3cccc(c3)[C@H]4CCCN4C(=O)c5cn6ccc(cc6n5)C#N)sc2C1,CHEMBL3704390
COc1ccc(cc1Cl)C(=O)N[C@H](C2CC2)c3cccc(c3)C(=O)Nc4nc5CCN(C)Cc5s4,CHEMBL3700903
O=C(Nc1cccc(c1)C#N)N2CCC[C@@H]2c3cccc(c3)C(=O)Nc4ccc(CC[NH+]5CCCC5)cc4,CHEMBL3700915
C[NH+](C)[C@H]1CCc2nc(NC(=O)c3cccc(CNC(=O)c4ccc(s4)c5ocnc5)c3)sc2C1,CHEMBL3680766
CCC[NH2+][C@H]1CCc2nc(NC(=O)c3cccc(c3)[C@@H](C)NC(=O)c4ccc(OC)c(C)c4)sc2C1,CHEMBL3700930
C[NH+](C)[C@H]1CCc2nc(NC(=O)c3cccc(CNC(=O)c4ccc(s4)c5cn[nH]c5)c3)sc2C1,CHEMBL3680768
CN1CCc2nc(NC(=O)c3cccc(CNC(=O)c4cnc(s4)c5ccnc(C)c5)c3)sc2C1,CHEMBL3680782
CN1CCc2nc(NC(=O)c3cccc(CNC(=O)c4nc(sc4C)c5ccncc5)c3)sc2C1,CHEMBL3680729
CN1CCc2nc(NC(=O)c3cccc(CNC(=O)c4sc(nc4C)c5ccncc5)c3)sc2C1,CHEMBL3680737
CN1CCc2nc(NC(=O)c3cccc(c3)[C@@H]4CCCN4C(=O)Nc5ccc(cc5)C(=O)N)sc2C1,CHEMBL3700955
CN1CCc2nc(NC(=O)c3cccc(c3)[C@H]4CCCN4C(=O)Nc5ccc(cc5)C(=O)N)sc2C1,CHEMBL3700937
COc1cc(ccc1c2cn[nH]c2)C(=O)NCc3cccc(c3)C(=O)Nc4nc5CCN(C)Cc5s4,CHEMBL3961538
NCc1ccc(cc1c2cccc(c2)C(=O)Nc3cccc(C(=O)[O-])c3F)C(=O)Nc4ccncc4F,CHEMBL3426646
NCc1ccc(cc1c2cccc(c2)C(=O)Nc3cc(ccc3F)C(=O)[O-])C(=O)Nc4ccncc4F,CHEMBL3426643
NCc1ccc(cc1c2cccc(NC(=O)c3cc(ccc3F)C(=O)[O-])c2)C(=O)Nc4ccncc4F,CHEMBL3426645
C[NH+](C)[C@H]1CCc2nc(NC(=O)c3cccc(CNC(=O)c4cc(n[nH]4)c5ccncc5)c3)sc2C1,CHEMBL3680805
C[NH+](C)[C@H]1CCc2nc(NC(=O)c3cccc(CNC(=O)c4ccc(cc4)c5ocnc5)c3)sc2C1,CHEMBL3680772
C[NH+](C)[C@H]1CCc2nc(NC(=O)c3cccc(CNC(=O)c4cccc(c4)c5cn[nH]c5)c3)sc2C1,CHEMBL3680769
C[NH+](C)[C@H]1CCc2nc(NC(=O)c3cccc(CNC(=O)c4ccc(cc4)n5ccnc5)c3)sc2C1,CHEMBL3680771
O=C(Nc1ccc(cc1)C#N)OCc2cccc(c2)C(=O)Nc3[nH+]c4CC[C@@H](Cc4s3)[NH2+]CCC#N,CHEMBL3704385
O=C(NCCN1CCOCC1)c2ccc3OC[C@@H](Cc3c2)C4=[NH+]c5ccc(cc5C(=O)N4)c6cn[nH]c6,CHEMBL1684210
C[NH+](C)[C@H]1CCc2nc(NC(=O)c3cccc(CNC(=O)c4cn5cc(ccc5n4)C#N)c3)sc2C1,CHEMBL3680749
C[NH+](C)[C@H]1CCc2nc(NC(=O)c3cccc(CNC(=O)c4cn5ccc(cc5n4)C#N)c3)sc2C1,CHEMBL3680748
CC[C@@H](NC(=O)c1ccc(OC)c(Cl)c1)c2cccc(c2)C(=O)Nc3nc4CCN(C)Cc4s3,CHEMBL3700912
COC(=O)c1ccc(NC(=O)c2cccc(c2)c3cc(ccc3CN)C(=O)Nc4ccncc4F)cc1,CHEMBL3426624
COC(=O)c1ccc(cc1)C(=O)Nc2cccc(c2)c3cc(ccc3CN)C(=O)Nc4ccncc4F,CHEMBL3426731
NCc1ccc(cc1c2cccc(c2)C(=O)Nc3ccc(CC(=O)[O-])cc3)C(=O)Nc4ccncc4F,CHEMBL3426629
NCc1ccc(cc1c2cccc(c2)C(=O)Nc3cccc(CC(=O)[O-])c3)C(=O)Nc4ccncc4F,CHEMBL3426627
COC(=O)c1cccc(NC(=O)c2cccc(c2)c3cc(ccc3CN)C(=O)Nc4ccncc4F)c1,CHEMBL3426622
COC(=O)c1cccc(c1)C(=O)Nc2cccc(c2)c3cc(ccc3CN)C(=O)Nc4ccncc4F,CHEMBL3426637
CN1CCc2nc(NC(=O)c3cccc(CNC(=O)c4ccc(cc4)c5ccnc(C)c5)c3)sc2C1,CHEMBL3680776
CN1CCc2ccc(NC(=O)c3cccc(CNC(=O)c4sc(nc4C)c5ccncc5)c3)cc2C1,CHEMBL3680746
CCCC(=O)Nc1cccc(c1)c2nc(Nc3ccc4[nH]ncc4c3)c5cc(OCCOC)ccc5n2,CHEMBL1997433
CN1CCc2ccc(NC(=O)c3cccc(CNC(=O)c4cc5cc(ccc5n4C)C(=O)N)c3)cc2C1,CHEMBL3680747
CN1CCc2ccc(NC(=O)c3cccc(CNC(=O)c4cc5ccc(cc5n4C)C(=O)N)c3)cc2C1,CHEMBL3680740
CN1CCc2nc(NC(=O)c3cccc(CNC(=O)c4nnn(c4C)c5nonc5N)c3)sc2C1,CHEMBL3680720
CCCC(=O)Nc1cccc(c1)c2nc(Nc3ccc4[nH]ncc4c3)c5cc(OCC6CC6)ccc5n2,CHEMBL3666755
O=C(NCCc1ccccn1)c2ccc3OC[C@@H](Cc3c2)C4=[NH+]c5ccc(cc5C(=O)N4)c6cn[nH]c6,CHEMBL1684209
COc1cc(F)cc(CN2C(=O)N(CC23CC[NH+](CC3)C4COC4)c5ccc(cc5)c6cn[nH]c6)c1,29-236
CN1CCc2nc(NC(=O)c3cccc(CNC(=O)c4csc(n4)c5cccnc5)c3)sc2C1,CHEMBL3680699
[NH3+][C@H]1CCc2[nH+]c(NC(=O)c3cccc(CNC(=O)c4ccc(cc4)c5csnn5)c3)sc2C1,CHEMBL3680705
CN1CCc2nc(NC(=O)c3cccc(CNC(=O)c4csc(n4)c5ccncc5)c3)sc2C1,CHEMBL3680703
[NH3+][C@@H]1CCc2[nH+]c(NC(=O)c3cccc(CNC(=O)c4csc(n4)c5ccncc5)c3)sc2C1,CHEMBL3680711
[NH3+][C@H]1CCc2[nH+]c(NC(=O)c3cccc(CNC(=O)c4csc(n4)c5ccncc5)c3)sc2C1,CHEMBL3680713
CN1CCc2nc(NC(=O)c3cccc(CNC(=O)c4ccc(s4)c5ccncc5)c3)sc2C1,CHEMBL3680755
CN1CCc2nc(NC(=O)c3cccc(CNC(=O)c4cn5cc(ccc5n4)C(=O)N)c3)sc2C1,CHEMBL3680806
CN1CCc2nc(NC(=O)c3cccc(CNC(=O)c4ccc(cc4)n5nnnc5C)c3)sc2C1,CHEMBL3680697
Cc1nnnn1c2ccc(cc2)C(=O)NCc3cccc(c3)C(=O)Nc4[nH+]c5CC[C@@H]([NH3+])Cc5s4,CHEMBL3680714
Cc1nnnn1c2ccc(cc2)C(=O)NCc3cccc(c3)C(=O)Nc4[nH+]c5CC[C@H]([NH3+])Cc5s4,CHEMBL3680716
COc1cc(ccc1c2cn[nH]c2)C(=O)NCc3cccc(c3)C(=O)Nc4nc5CCNCc5s4,CHEMBL3902471
CN1CCc2ccc(NC(=O)c3cccc(CNC(=O)c4nnn(c4C)c5nonc5N)c3)cc2C1,CHEMBL3680764
CN1CCc2nc(NC(=O)c3cccc(c3)[C@H](NC(=O)Nc4cccc(c4)C#N)C5CC5)sc2C1,CHEMBL3704396
CN1CCc2nc(NC(=O)c3cccc(c3)[C@H]4CCCN4C(=O)Nc5cccc(c5)C#N)sc2C1,CHEMBL3700945
CN1CCc2nc(NC(=O)c3cccc(c3)[C@H]4CCCN4C(=O)Nc5cccc(c5)C#N)sc2C1,CHEMBL3700973
[NH3+][C@@H]1CCc2[nH+]c(NC(=O)c3cccc(c3)[C@H]4CCCN4C(=O)Nc5cccc(c5)C#N)sc2C1,CHEMBL3700919
[NH3+][C@H]1CCc2[nH+]c(NC(=O)c3cccc(c3)[C@H]4CCCN4C(=O)Nc5cccc(c5)C#N)sc2C1,CHEMBL3700917
CN1CCc2ccc(NC(=O)c3cccc(CNC(=O)c4ccc(cc4)[C@@H]5CSN=N5)c3)cc2C1,CHEMBL3680710
CN(C1CC1)C(=O)c2cccc(CN3C(=O)N(CC34CCOCC4)c5ccc(cc5)c6cn[nH]c6)c2,29-45
COc1ccc(cc1Cl)C(=O)N[C@H](C)c2cccc(c2)C(=O)Nc3nc4CCN(C)Cc4s3,CHEMBL3700964
CN1CCc2nc(NC(=O)c3cccc(CNC(=O)c4cc5cc(ccc5n4C)C#N)c3)sc2C1,CHEMBL3680763
NCc1ccc(cc1c2cccc(c2)C(=O)Nc3cccc(c3)C(=O)[O-])C(=O)Nc4ccncc4F,CHEMBL3426626
NCc1ccc(cc1c2cccc(c2)C(=O)Nc3ccc(cc3)C(=O)[O-])C(=O)Nc4ccncc4F,CHEMBL3426628
NCc1ccc(cc1c2cccc(NC(=O)c3ccc(cc3)C(=O)[O-])c2)C(=O)Nc4ccncc4F,CHEMBL3426732
NCc1ccc(cc1c2cccc(NC(=O)c3cccc(c3)C(=O)[O-])c2)C(=O)Nc4ccncc4F,CHEMBL3426644
[NH3+][C@@H]1CCc2[nH+]c(NC(=O)c3cccc(CNC(=O)c4cccc(c4)c5cccnc5)c3)sc2C1,CHEMBL3680718
CN1CCc2ccc(NC(=O)c3cccc(CNC(=O)c4csc(n4)c5cccnc5)c3)cc2C1,CHEMBL3680706
CN1CCc2ccc(NC(=O)c3cccc(CNC(=O)c4cnc(s4)c5cccnc5)c3)cc2C1,CHEMBL3680799
[NH3+][C@H]1CCc2[nH+]c(NC(=O)c3cccc(CNC(=O)c4cccc(c4)c5cccnc5)c3)sc2C1,CHEMBL3680719
CN1CCc2nc(NC(=O)c3cccc(CNC(=O)c4ccc(cc4)c5ccncc5)c3)sc2C1,CHEMBL3680728
CN1CCc2ccc(NC(=O)c3cccc(CNC(=O)c4ccc(s4)c5ccncc5)c3)cc2C1,CHEMBL3680735
CN1CCc2ccc(NC(=O)c3cccc(CNC(=O)c4cn5cc(ccc5n4)C(=O)N)c3)cc2C1,CHEMBL3680702
CN1CCc2ccc(NC(=O)c3cccc(CNC(=O)c4cn5ccc(cc5n4)C(=O)N)c3)cc2C1,CHEMBL3680724
CCN1Cc2ccc(OC)cc2C[C@@H]1C(=O)Nc3cc(F)c(cc3OCC[NH+](C)C)c4cn[nH]c4,CHEMBL1215594
CN1CCc2ccc(NC(=O)c3cccc(CNC(=O)c4cc5cc(ccc5[nH]4)C(=O)N)c3)cc2C1,CHEMBL3680741
CN1CCc2ccc(NC(=O)c3cccc(CNC(=O)c4cc5ccc(cc5[nH]4)C(=O)N)c3)cc2C1,CHEMBL3680727
COc1ccc(cc1OC)C(=O)N[C@H](C)c2cccc(c2)C(=O)Nc3nc4CCN(C)Cc4s3,CHEMBL3700970
COC(=O)COc1cccc([NH2+]C(=O)C2(C[NH+](C)C)CCN(CC2)c3ncnc4[nH]cc(C)c34)c1,CHEMBL3613603
COc1ccc2C[NH2+][C@H](Cc2c1)C(=O)Nc3ccc(cc3SCCC(=O)N(C)C)c4cn[nH]c4,CHEMBL1215452
CN1CCc2nc(NC(=O)c3cccc(CNC(=O)c4ccc(s4)c5ocnc5)c3)sc2C1,CHEMBL3680756
CN1CCc2ccc(NC(=O)c3cccc(c3)[C@H]4CCCN4C(=O)Nc5cccc(c5)C#N)cc2C1,CHEMBL3700979
CN1CCc2ccc(NC(=O)c3cccc(CNC(=O)c4ccc(cc4)n5ccnc5C)c3)cc2C1,CHEMBL3680801
CN1CCc2nc(NC(=O)c3cccc(CNC(=O)c4ccc(s4)c5cn[nH]c5)c3)sc2C1,CHEMBL3680760
CN1CCc2ccc(NC(=O)c3cccc(CNC(=O)c4cc5cc(ccc5n4C)C#N)c3)cc2C1,CHEMBL3680745
CN1CCc2ccc(NC(=O)c3cccc(CNC(=O)c4cc5ccc(cc5n4C)C#N)c3)cc2C1,CHEMBL3680744
CN1CCc2ccc(NC(=O)c3cccc(CNC(=O)c4ccc(cc4)c5ccncc5)c3)cc2C1,CHEMBL3680767
Nc1nccc(n1)c2ccc3nc([nH]c3c2)[C@H]4COc5ccc(cc5C4)C(=O)NCc6ccccc6,CHEMBL455446
COc1ccc2C[NH2+][C@H](Cc2c1)C(=O)Nc3ccc(cc3OC[C@@H]4CC[N@H+](C)CC4)c5cn[nH]c5,CHEMBL1215304
C[NH+](C)[C@H]1CCc2nc(NC(=O)c3cccc(OCC(=O)Nc4ccc(cc4)C#N)c3)sc2C1,CHEMBL3700907
OCCNC(=O)c1cccc(CN2C(=O)N(CC23CCOCC3)c4ccc(cc4)c5cn[nH]c5)c1,29-36
CC[C@@H](NC(=O)Nc1cccc(c1)C#N)c2cccc(c2)C(=O)Nc3nc4CCN(C)Cc4s3,CHEMBL3700908
COc1ccc(cc1OC)C(=O)N[C@H](C)c2cccc(c2)C(=O)Nc3ccc4CCN(C)Cc4c3,CHEMBL3704384
CN1CCc2nc(NC(=O)c3cccc(CNC(=O)c4cc(n[nH]4)c5ccncc5)c3)sc2C1,CHEMBL3680736
CN1CCc2nc(NC(=O)c3cccc(CNC(=O)c4ccc(cc4)c5ocnc5)c3)sc2C1,CHEMBL3680698
CN1CCc2nc(NC(=O)c3cccc(CNC(=O)N4CCc5c(cccc45)C#N)c3)sc2C1,CHEMBL3680743
CN1CCc2nc(NC(=O)c3cccc(CNC(=O)c4cccc(c4)c5cn[nH]c5)c3)sc2C1,CHEMBL3680696
CN1CCc2nc(NC(=O)c3cccc(CNC(=O)c4ccc(cc4)n5ccnc5)c3)sc2C1,CHEMBL3680694
CN1CCc2ccc(NC(=O)c3cccc(CNC(=O)c4ccc(s4)c5ocnc5)c3)cc2C1,CHEMBL3680731
[NH3+][C@@H]1CCc2[nH+]c(NC(=O)c3cccc(CNC(=O)c4cccc(c4)c5cn[nH]c5)c3)sc2C1,CHEMBL3680707
CN1CCc2nc(NC(=O)c3cccc(CNC(=O)c4ccc5cc(O)ccc5c4)c3)sc2C1,CHEMBL3680701
[NH3+][C@H]1CCc2[nH+]c(NC(=O)c3cccc(CNC(=O)c4cccc(c4)c5cn[nH]c5)c3)sc2C1,CHEMBL3680709
CN1CCc2ccc(NC(=O)c3cccc(CNC(=O)c4ccc(s4)c5cn[nH]c5)c3)cc2C1,CHEMBL3680738
C[C@@H](NC(=O)Nc1ccc(cc1)C(=O)N)c2cccc(c2)C(=O)Nc3ccc4CCN(C)Cc4c3,CHEMBL3704394
CN1CCc2nc(NC(=O)c3cccc(CNC(=O)c4cn5ccc(cc5n4)C#N)c3)sc2C1,CHEMBL3680732
O=C1COc2cc(N[C@H]3CCN(C3=O)c4ccc(cc4)C5=NNC(=O)c6ccccc56)ccc2N1,27.62
CN1CCc2ccc(NC(=O)c3cccc(CNC(=O)c4ccc(cc4)n5cncn5)c3)cc2C1,CHEMBL3680794
CN1CCc2ccc(NC(=O)c3cccc(CNC(=O)c4cc(n[nH]4)c5ccncc5)c3)cc2C1,CHEMBL3680759
C(CN1CCOCC1)Oc2ccc3nc(nc(Nc4ccc5[nH]ncc5c4)c3c2)c6ccccc6,CHEMBL3666760
CN1CCc2ccc(NC(=O)c3cccc(CNC(=O)c4cccc(c4)c5ocnc5)c3)cc2C1,CHEMBL3680798
CN1CCc2ccc(NC(=O)c3cccc(CNC(=O)c4ccc(cc4)c5ocnc5)c3)cc2C1,CHEMBL3680723
CN1CCc2ccc(NC(=O)c3cccc(CNC(=O)N4CCc5c(cccc45)C#N)c3)cc2C1,CHEMBL3680802
CN1CCc2ccc(NC(=O)c3cccc(CNC(=O)c4ccc(cc4)c5cc[nH]n5)c3)cc2C1,CHEMBL3680783
CN1CCc2ccc(NC(=O)c3cccc(CNC(=O)c4ccc(cc4)n5ccnc5)c3)cc2C1,CHEMBL3680717
CN1CCc2ccc(NC(=O)c3cccc(CNC(=O)c4cccc(c4)c5cn[nH]c5)c3)cc2C1,CHEMBL3680695
CN1CCc2ccc(NC(=O)c3cccc(CNC(=O)c4ccc5cc(O)ccc5c4)c3)cc2C1,CHEMBL3680708
COc1ccc(cc1C)C(=O)N[C@H](C)c2cccc(c2)C(=O)Nc3nc4CCN(C)Cc4s3,CHEMBL3700967
CCN(Cc1cccc(OC)c1)C(=O)Nc2ccc(cc2OCC[NH+]3CCCC3)c4cn[nH]c4,CHEMBL3402463
O=C(CN1CCCC1)Nc2ccccc2c3nc(Nc4ccc5[nH]ncc5c4)c6ccccc6n3,CHEMBL3666735
CN1CCc2ccc(NC(=O)c3cccc(CNC(=O)c4cc5ccc(cc5[nH]4)C#N)c3)cc2C1,CHEMBL3680725
CN1CCc2ccc(NC(=O)c3cccc(CNC(=O)c4cc5cc(ccc5[nH]4)C#N)c3)cc2C1,CHEMBL3680739
COc1ccc2OC[C@H](Cc2c1)C(=O)Nc3ccc(cc3OCC[NH+]4CCCC4)c5cn[nH]c5,CHEMBL3221809
CN1CCc2nc(NC(=O)c3cccc(OCC(=O)Nc4ccc5[nH]ncc5c4)c3)sc2C1,CHEMBL3700920
FC(F)Oc1cccc(N[C@@H]2CCN(C2=O)c3ccc(cc3)C4=NNC(=O)c5ccccc45)c1,27.30
COc1ccc2OC[C@@H](Cc2c1)c3nc(SCC[NH+](C)C)c4cc(ccc4n3)c5cn[nH]c5,CHEMBL1684214
C[NH+](C)CCCNC(=O)c1ccc2OC[C@@H](Cc2c1)c3nc4ccc(cc4s3)c5cn[nH]c5,CHEMBL1079921
COc1ccc2C[NH2+][C@H](Cc2c1)C(=O)Nc3ccc(cc3OCC[NH+]4CCCC4)c5cn[nH]c5,CHEMBL1215305
COc1ccc2C[NH2+][C@H](Cc2c1)C(=O)Nc3ccc(cc3O[C@@H]4CC[N@@H+](C)CC4)c5cn[nH]c5,CHEMBL1215306
CC[N@H+]1CCC[C@H]1CNC(=O)c2cccc(CNC(=O)c3ccc(c(OC)c3)c4cn[nH]c4)c2,CHEMBL3957651
COC(=O)c1cccc([NH2+]C(=O)C2(C[NH+](C)C)CCN(CC2)c3ncnc4[nH]cc(C#N)c34)c1,CHEMBL3613620
C[C@@H](NC(=O)Nc1cccc(c1)C#N)c2cccc(c2)C(=O)Nc3nc4CCN(C)Cc4s3,CHEMBL3700957
COc1cccc(CN2C(=O)N(CC23CCN(CC3)C(=O)C)c4ccc(cn4)c5cn[nH]c5)c1,29-84
CCOC(=O)c1sc(Nc2ccc(Br)cc2)nc1c3nc4ccccc4s3,20.ZINC08441995
COc1cccc(CNC(=O)c2[nH]c3nc(ccc3c2CN4CCN(C)CC4)c5cn[nH]c5)c1,CHEMBL1922142
COc1cccc(CNC(=O)c2[nH]c3cc(ccc3c2CN4CCCNCC4)c5cn[nH]c5)c1,CHEMBL1922141
COc1cccc(CNC(=O)c2[nH]c3cc(ccc3c2CN4CCN(C)CC4)c5cn[nH]c5)c1,CHEMBL1922140
C[NH+](C)CCNC(=O)c1ccc2OC[C@@H](Cc2c1)C3=[NH+]c4ccc(cc4C(=O)N3)c5cn[nH]c5,CHEMBL1684206
O=C(Nc1ccccc1c2nc(Nc3ccc4[nH]ncc4c3)c5ccccc5n2)c6ccccn6,CHEMBL3666740
COC(=O)c1cccc([NH2+]C(=O)C2(C[NH+](C)C)CCN(CC2)c3ncnc4[nH]cc(F)c34)c1,CHEMBL3613621
COc1ccc2C[NH2+][C@H](Cc2c1)C(=O)Nc3cc(F)c(cc3OCC[NH+](C)C)c4cn[nH]c4,CHEMBL1215454
FC(F)(F)Oc1cccc(c1)[C@H]2CNC[C@@H]2C(=O)Nc3cc4C=CNC(=O)c4cc3Cl,CHEMBL1084800
CCN1Cc2ccccc2C[C@@H]1C(=O)Nc3cc(F)c(cc3OCC[NH+](C)C)c4cn[nH]c4,CHEMBL1215526
CN(C)C(=O)Oc1cccc([NH2+]C(=O)C2(C[NH3+])CCN(CC2)c3ncnc4[nH]cc(C)c34)c1,CHEMBL3356433
C[NH+](C)CCC(=O)Nc1ccccc1c2nc(Nc3ccc4[nH]ncc4c3)c5ccccc5n2,CHEMBL3666741
CCN(Cc1cccc(OC)c1)C(=O)Nc2ccc(cc2N(C)CC[NH+](C)C)c3cn[nH]c3,CHEMBL3402464
COC(=O)c1cccc([NH2+]C(=O)C2(C[NH+](C)C)CCN(CC2)c3ncnc4[nH]cc(C)c34)c1,CHEMBL3613600
COC(=O)c1ccc(NC(=O)C2(C[NH+](C)C)CCN(CC2)c3ncnc4[nH]cc(C)c34)cc1,CHEMBL3613605
COc1ccc2OC[C@H](Cc2c1)C(=O)Nc3ccc(cc3OCC[NH+](C)C)c4c[nH]nc4C,12.7b
COc1cccc(CN(CCCN2CCOCC2)C(=O)Nc3ccc(cc3)c4cn[nH]c4)c1,CHEMBL2332072
COc1cccc(CN(C)C(=O)Nc2ccc(cc2OCC[NH+]3CCCC3)c4cn[nH]c4)c1,CHEMBL3402460
CCN(Cc1cccc(OC)c1)C(=O)Nc2ccc(cc2O[C@H]3CC[N@@H+](C)C3)c4cn[nH]c4,CHEMBL2332060
NCc1ccc(cc1c2cccc(c2)C(=O)O[C@@H]3CCCOC3)C(=O)Nc4ccncc4F,CHEMBL2440736
NCc1ccc(cc1c2cccc(c2)C(=O)OC[C@H]3CCCO3)C(=O)Nc4ccncc4F,CHEMBL2440737
COc1ccc2OC[C@H](Cc2c1)C(=O)Nc3ccc(cc3O[C@H]4CC[N@@H+](C)C4)c5cn[nH]c5,CHEMBL3221813
COc1ccc2OC[C@H](Cc2c1)C(=O)Nc3ccc(cc3O[C@@H]4CC[N@@H+](C)C4)c5cn[nH]c5,CHEMBL3221811
COc1cccc(CN(CCC[NH+]2CCCCC2)C(=O)Nc3ccc(cc3)c4cn[nH]c4)c1,CHEMBL2332074
C[NH+](C)CCNC(=O)c1ccc2OC[C@@H](Cc2c1)c3nc4ccc(cc4s3)c5cn[nH]c5,CHEMBL1079920
COc1cc(ccc1C(=O)NCc2cccc(c2)C(=O)N[C@@H]3CC[N@H+](C)CC3)c4cn[nH]c4,CHEMBL3925017
COc1cc(ccc1c2cn[nH]c2)C(=O)NCc3cccc(c3)C(=O)N[C@@H]4CC[N@H+](C)CC4,CHEMBL3949136
COc1ccc2OC[C@H](Cc2c1)C(=O)Nc3ccc(cc3OCC[NH+](C)C)c4ccncc4,12.(S)-7c
[NH3+][C@H]1CCc2[nH+]c(NC(=O)c3cccc(OCC(=O)Nc4ccc(cc4)C#N)c3)sc2C1,CHEMBL3700909
Clc1cc2C(=O)NC=Cc2cc1NC(=O)[C@@H]3C[NH2+]C[C@H]3c4ccc(Br)cc4,CHEMBL1084653
Clc1cc2C(=O)NC=Cc2cc1NC(=O)[C@@H]3C[NH2+]C[C@H]3c4cccc(Br)c4,CHEMBL1083747
COc1cccc(CN(CCC[NH+](C)C)C(=O)c2cn(C)c3cc(ccc23)c4cn[nH]c4)c1,CHEMBL1922126
COc1cccc(CNC(=O)c2[nH]c3cc(ccc3c2CN4CCOCC4)c5cn[nH]c5)c1,CHEMBL1922139
COCCNC(=O)c1ccc2OC[C@@H](Cc2c1)C3=[NH+]c4ccc(cc4C(=O)N3)c5cn[nH]c5,CHEMBL1684207
COc1cccc(c1)[C@@H](C)NC(=O)c2ccc(cc2N3CCC(C[NH3+])CC3)c4ccncc4,6.46
COc1cccc(CNC(=O)c2cn(CC[NH+]3CCCC3)c4nc(ccc24)c5cn[nH]c5)c1,CHEMBL1922137
NC(=O)c1ccc(NC(=O)NCc2cccc(c2)C(=O)Nc3ccc4CCNCc4c3)cc1,CHEMBL600852
NCc1ccc(cc1c2cccc(c2)C(=O)Oc3ccccc3)C(=O)Nc4ccncc4F,CHEMBL2440752
C[NH+](C)CCOc1cc(ccc1NC(=O)[C@H]2COc3ccc(Cl)cc3C2)c4cn[nH]c4,CHEMBL481553
COc1cc(ccc1c2cn[nH]c2)C(=O)N[C@H](CNS(=O)(=O)C3CC3)c4ccccc4,CHEMBL4107417
NCc1ccc(cc1c2cccc(c2)C(=O)Nc3ccccc3)C(=O)Nc4ccncc4F,CHEMBL3426620
C[NH+](C)CCOc1cc(ccc1NC(=O)[C@H]2Cc3cc(Cl)ccc3CN2)c4cn[nH]c4,CHEMBL1215169
CCN(Cc1cccc(OC)c1)C(=O)Nc2ccc(cc2OCC[NH+](C)C)c3cn[nH]c3,CHEMBL3402462
CN(C)CC(=O)N[C@H](C1=Nc2ccc(cc2C(=O)N1)c3cn[nH]c3)c4ccc(Cl)cc4,CHEMBL2333882
Clc1ccc([C@@H]2C[NH2+]C[C@H]2C(=O)Nc3cc4C=CNC(=O)c4cc3Cl)c(Cl)c1,CHEMBL1083799
COc1cccc(CN(C)C(=O)Nc2ccc(cc2N(C)CC[NH+](C)C)c3cn[nH]c3)c1,CHEMBL3402461
COC(=O)c1cccc([NH2+]C(=O)C2(C[NH+](C)C)CCN(CC2)c3ncnc4[nH]ccc34)c1,CHEMBL3613610
CCCCC(=O)Nc1cccc(c1)c2nc(Nc3ccc4[nH]ncc4c3)c5ccccc5n2,CHEMBL3666756
COc1ccc2OC[C@@H](Cc2c1)C(=O)Nc3ccc(cc3OCC[NH+](C)C)c4cn[nH]c4,CHEMBL3221808
COc1ccc2OC[C@@H](Cc2c1)C(=O)Nc3ccc(cc3OCC[NH+](C)C)c4cn[nH]c4,CHEMBL482336
COc1ccc2OC[C@H](Cc2c1)C(=O)Nc3ccc(cc3OCC[NH+](C)C)c4cn[nH]c4,CHEMBL3221807
FC(F)(F)c1cccc(c1)[C@@H]2C[NH2+]C[C@H]2C(=O)Nc3cc4C=CNC(=O)c4cc3Cl,CHEMBL1083276
COc1cccc(CN(CC[NH+](C)C)C(=O)c2nc3ccc(cc3s2)c4cn[nH]c4)c1,CHEMBL1080279
COc1ccc2C[NH2+][C@@H](Cc2c1)C(=O)Nc3ccc(cc3OCC[NH+](C)C)c4cn[nH]c4,CHEMBL1215237
COc1cccc(CNC(=O)Nc2ccc(cc2OCC[NH+]3CCCC3)c4cn[nH]c4)c1,CHEMBL3402457
C[NH+](C)CCOc1cc(ccc1NC(=O)[C@H]2COc3ccc(F)cc3C2)c4ccncc4,12.7g
COc1cccc(CN(CC[NH+]2CCCCC2)C(=O)Nc3ccc(cc3)c4cn[nH]c4)c1,CHEMBL2332073
COc1cccc(CN(CCC[NH+]2CCCC2)C(=O)Nc3ccc(cc3)c4cn[nH]c4)c1,CHEMBL2332070
C[NH+](C)CCNC(=O)c1ccc2OC[C@@H](Cc2c1)C(=O)Nc3ccc(cc3)c4cn[nH]c4,CHEMBL481685
NCc1ccc(cc1c2cccc(c2)C(=O)OCC3CCC3)C(=O)Nc4ccncc4F,CHEMBL2440756
COc1cccc(CN(CCC[NH+](C)C)C(=O)c2cc3ccc(cc3[nH]2)c4cn[nH]c4)c1,CHEMBL1922033
COc1cccc(CN(C)C(=O)c2cn(CC[NH+](C)C)c3cc(ccc23)c4cn[nH]c4)c1,CHEMBL1922130
COc1cccc(CN(CC[NH+](C)C)C(=O)c2cn(C)c3cc(ccc23)c4cn[nH]c4)c1,CHEMBL1922127
NCc1ccc(cc1c2cccc(c2)C(=O)OCC3CCCC3)C(=O)Nc4ccncc4,CHEMBL2440753
O=C(NC1CC1)c2ccc3OC[C@@H](Cc3c2)C4=[NH+]c5ccc(cc5C(=O)N4)c6cn[nH]c6,CHEMBL1684208
Nc1nccc(n1)c2ccc3nc([nH]c3c2)[C@H]4COc5ccc(cc5C4)C(=O)NC6CC6,CHEMBL454639
COc1cccc(CN(CCO)C(=O)Nc2ccc(cc2OCCO)c3cn[nH]c3)c1,CHEMBL2332061
CCOc1ccc2CCN(C(=O)Cc3ccc(cc3)C4=NNC(=O)c5ccccc45)c2c1,CHEMBL3953195
FC(F)(F)c1ccc(cc1)[C@@H]2C[NH2+]C[C@H]2C3=[NH+]c4ccc(cc4C(=O)N3)c5cn[nH]c5,CHEMBL2333899
O=C(Nc1ccc(cc1)C2=NNC(=O)c3ccccc23)c4ccc(cc4)N5CCCCC5,CHEMBL3935660
C[NH+](C)CCOc1cc(ccc1NC(=O)[C@H]2COc3ccc(F)cc3C2)c4cn[nH]c4,CHEMBL481545
COCC(=O)Nc1ccccc1c2nc(Nc3ccc4[nH]ncc4c3)c5ccccc5n2,CHEMBL3666742
COc1cccc(CN(C)C(=O)Nc2ccc(cc2OCC[NH+](C)C)c3cn[nH]c3)c1,CHEMBL3402459
C[NH+](C)CCOc1cc(c(F)cc1NC(=O)[C@H]2Cc3ccccc3C[NH2+]2)c4cn[nH]c4,CHEMBL1215524
CN(C)C(=O)Nc1ccccc1c2nc(Nc3ccc4[nH]ncc4c3)c5ccccc5n2,CHEMBL3666738
C[NH2+]CC(=O)Nc1ccccc1c2nc(Nc3ccc4[nH]ncc4c3)c5ccccc5n2,CHEMBL3666733
CCCC(=O)Oc1cccc(c1)c2nc(Nc3ccc4[nH]ncc4c3)c5ccccc5n2,CHEMBL3666729
COc1ccc2OC[C@H](Cc2c1)C(=O)Nc3ccc(cc3OCCCO)c4cn[nH]c4,CHEMBL3221815
[NH3+]CCC(=O)N[C@H](C1=Nc2ccc(cc2C(=O)N1)c3cn[nH]c3)c4ccc(Cl)cc4,CHEMBL2333883
COc1cccc(CNC(=O)Nc2ccc(cc2N(C)CC[NH+](C)C)c3cn[nH]c3)c1,CHEMBL3402458
COCCN(Cc1cccc(OC)c1)C(=O)c2nc3ccc(cc3s2)c4cn[nH]c4,CHEMBL1081001
COc1cccc(CNC(=O)c2cn(c3ccccc3)c4cc(ccc24)c5cn[nH]c5)c1,CHEMBL1922125
COC(=O)c1cccc([NH2+]C(=O)C2(C[NH3+])CCN(CC2)c3ncnc4[nH]cc(C)c34)c1,CHEMBL3613598
COc1cc(ccc1c2cn[nH]c2)C(=O)NCc3cccc(c3)C(=O)NCC(C)(C)O,CHEMBL3961024
COc1cc(ccc1c2cn[nH]c2)C(=O)NCc3ccc(Br)cc3Cl,CHEMBL3906535
C[NH+](C)CCOc1cc(ccc1NC(=O)[C@H]2COc3ccc(C)cc3C2)c4cn[nH]c4,CHEMBL481735
COc1cccc(CN(CC[NH+]2CCCC2)C(=O)Nc3ccc(cc3)c4cn[nH]c4)c1,CHEMBL2332069
COCCCOC(=O)c1cccc(c1)c2cc(ccc2CN)C(=O)Nc3ccncc3,CHEMBL2440733
NCc1ccc(cc1c2cccc(c2)C(=O)OCC3CC3)C(=O)Nc4ccncc4F,CHEMBL2440730
CCCCCOC(=O)c1cccc(c1)c2cc(ccc2CN)C(=O)Nc3ccncc3,CHEMBL2440747
COc1cccc(CNC(=O)c2cn(CC[NH+](C)C)c3cc(ccc23)c4cn[nH]c4)c1,CHEMBL1922129
Cc1cc(ccc1c2cn[nH]c2)C(=O)NCc3cccc(c3)C(=O)NC[C@H]4CCC[NH2+]4,CHEMBL4107343
C[NH+](C)CCOc1cc(ccc1NC(=O)[C@H]2COc3ccccc3C2)c4ccncc4,12.7e
COc1cccc(c1)[C@@H](CC[NH+]2CCCC2)NC(=O)c3ccc(cc3)c4ccncc4,6.37
COc1cc(ccc1c2cn[nH]c2)C(=O)N[C@H](CNS(=O)(=O)C)c3ccccc3,CHEMBL4107374
COc1cc(ccc1c2cn[nH]c2)C(=O)N[C@H](C[NH2+]C3CC3)c4c(F)cccc4F,CHEMBL4110459
COC(=O)Nc1ccccc1c2nc(Nc3ccc4[nH]ncc4c3)c5ccccc5n2,CHEMBL3639656
CC(C)c1cccc(c1)[C@@H]2C[NH2+]C[C@@H]2C(=O)Nc3cc4C=CNC(=O)c4cc3Cl,CHEMBL1085773
COc1cccc(CNC(=O)Nc2ccc(cc2OCC[NH+](C)C)c3cn[nH]c3)c1,CHEMBL3402456
NCc1ccc(cc1c2cccc(c2)C(=O)OCCO)C(=O)Nc3ccncc3F,CHEMBL2440735
C[NH+](C)CCOc1cc(ccc1NC(=O)[C@H]2COc3ccccc3O2)c4cn[nH]c4,CHEMBL521179
CCCOC(=O)c1cccc(c1)c2cc(ccc2CN)C(=O)Nc3ccncc3F,CHEMBL2440750
C[NH+](C)CCOc1cc(ccc1NC(=O)[C@H]2COc3ccccc3C2)c4cn[nH]c4,CHEMBL474425
C[NH+](C)CCOc1cc(ccc1NC(=O)[C@@H]2Cc3ccccc3C[NH2+]2)c4cn[nH]c4,CHEMBL1215093
C[NH+](C)CCOc1cc(ccc1NC(=O)[C@H]2Cc3ccccc3C[NH2+]2)c4cn[nH]c4,CHEMBL1215092
COCCOC(=O)c1cccc(c1)c2cc(ccc2CN)C(=O)Nc3ccncc3,CHEMBL2440732
COc1cc(ccc1c2cn[nH]c2)C(=O)NCc3cccc(c3)C(=O)NC4(C)CC4,CHEMBL3920062
COc1cccc(CNC(=O)c2cn(CCCO)c3cc(ccc23)c4cn[nH]c4)c1,CHEMBL1922128
COc1cc(ccc1c2cn[nH]c2)C(=O)NCc3cccc(c3)C(=O)NCC4CC4,CHEMBL3910152
COc1ccc2OC[C@@H](Cc2c1)C3=[NH+]c4c(OC)cc(cc4C(=O)N3)c5cn[nH]c5,CHEMBL1684221
COc1cccc(CNC(=O)c2[nH]c3cc(ccc3c2CN(C)C)c4cn[nH]c4)c1,CHEMBL1922138
Oc1cccc(CN2C(=O)N(CC23CC[NH2+]CC3)c4ccc(cc4)c5cn[nH]c5)c1,29-62
CCCCOC(=O)c1cccc(c1)c2cc(ccc2CN)C(=O)Nc3ccncc3,CHEMBL2440746
CCc1cc(ccc1c2cn[nH]c2)N3CC4(CC4)N(Cc5cccc(OC)c5)C3=O,29-5
Clc1ccc(cc1)[C@H]2C[NH2+]C[C@@H]2C(=O)Nc3cc4C=CNC(=O)c4cc3Cl,CHEMBL1082819
Clc1ccc(cc1)[C@@H]2C[NH2+]C[C@H]2C(=O)Nc3cc4C=CNC(=O)c4cc3Cl,CHEMBL1082821
COc1ccc(cc1)[C@@H]2C[N@@H+](C)C[C@H]2C3=[NH+]c4ccc(cc4C(=O)N3)c5cn[nH]c5,CHEMBL2333887
COC(=O)c1ccc2OC[C@H](Cc2c1)c3nc4ccc(cc4[nH]3)c5ccnc(N)n5,CHEMBL462194
COc1cc(ccc1c2cn[nH]c2)C(=O)NCc3cccc(NS(=O)(=O)C)c3,CHEMBL3965403
CC[NH2+]C[C@@H](NC(=O)c1ccc(c(OC)c1)c2cn[nH]c2)c3c(F)cccc3F,CHEMBL4107997
COc1cccc(c1)[C@H]2CNC[C@@H]2C(=O)Nc3cc4C=CNC(=O)c4cc3Cl,CHEMBL1083748
OCCOc1cc(ccc1NC(=O)N(CCO)Cc2ccccc2)c3cn[nH]c3,CHEMBL3402471
CCc1cccc(c1)[C@H]2C[NH2+]C[C@@H]2C(=O)Nc3cc4C=CNC(=O)c4cc3Cl,CHEMBL1084051
C[NH+](C)CCSc1cc(ccc1NC(=O)NCc2ccccc2)c3cn[nH]c3,CHEMBL3402473
COCCOc1cc(ccc1C(=O)N[C@H](C)c2cccc(OC)c2)c3cn[nH]c3,CHEMBL4110456
CC(=O)Oc1ccccc1c2nc(Nc3ccc4[nH]ncc4c3)c5ccccc5n2,CHEMBL3666753
COc1cccc(CN(CC[NH+](C)C)C(=O)Nc2ccc(c[nH+]2)c3cn[nH]c3)c1,CHEMBL2332063
COc1cccc(CN(CC[NH+](C)C)C(=O)Nc2ccc(cc2)c3cn[nH]c3)c1,CHEMBL2332068
CN(CC[NH+](C)C)c1cc(ccc1NC(=O)NCc2ccccc2)c3cn[nH]c3,CHEMBL3402474
COc1cc(cc2C(=O)NC(=[NH+]c12)[C@H]3COc4ccc(F)cc4C3)c5cn[nH]c5,CHEMBL1684225
Clc1ccc(cc1)[C@@H]2C[NH2+]C[C@H]2C3=[NH+]c4ccc(cc4C(=O)N3)c5cn[nH]c5,CHEMBL2333898
COc1ccc2OC[C@@H](Cc2c1)c3nc4c(F)cc(cc4[nH]3)c5ccnc(N)n5,CHEMBL452598
COc1cc(ccc1c2cn[nH]c2)C(=O)NCc3cccc(c3)C(=O)NC4CC4,CHEMBL3947008
CCCOC(=O)c1cccc(c1)c2cc(ccc2CN)C(=O)Nc3ccncc3,CHEMBL2440745
COc1cccc(c1)[C@@H](C)NC(=O)c2ccc(c3cn[nH]c3)c(c2)C(F)(F)F,CHEMBL4114533
Cc1cc(ccc1c2cn[nH]c2)C(=O)NCc3cccc(c3)C(=O)NCC4CC4,CHEMBL3977577
CC[C@H]1Oc2cnccc2c3ccc(cc13)C(=O)N[C@H](C)c4cccc(OC)c4,CHEMBL3578252
COc1cc(cc2C(=O)NC(=[NH+]c12)[C@H]3COc4ccc(C)cc4C3)c5cn[nH]c5,CHEMBL1684226
COc1cccc(CN(C2CC2)C(=O)c3cc4ccc(nc4[nH]3)c5cn[nH]c5)c1,CHEMBL1922043
COc1cccc(CN(C2CC2)C(=O)c3c[nH]c4nc(ccc34)c5cn[nH]c5)c1,CHEMBL1922133
C[N+]1(C)C[C@H]([C@@H](C1)c2ccccc2)C3=[NH+]c4ccc(cc4C(=O)N3)c5cn[nH]c5,CHEMBL2333886
COc1cc(ccc1C(=O)NCc2cccc(c2)S(=O)(=O)N)c3cn[nH]c3,CHEMBL3985681
COc1cc(ccc1c2cn[nH]c2)C(=O)NCc3cccc(c3)S(=O)(=O)N,CHEMBL3915928
Fc1ccc(cc1)[C@H]2C[NH2+]C[C@@H]2C(=O)Nc3cc4C=CNC(=O)c4cc3Cl,CHEMBL1084110
O=C(N[C@H](CC[NH+]1CCCC1)c2ccccc2)c3ccc(cc3)c4ccncc4,6.36
CN(C)c1[nH+]c(nc2ccc(cc12)c3cn[nH]c3)[C@@H]4C[NH2+]C[C@H]4c5ccccc5,CHEMBL2333879
Nc1nccc(n1)c2ccc3[NH+]=C(NC(=O)c3c2)[C@@H]4C[NH2+]C[C@H]4c5ccccc5,CHEMBL2334290
CN(C)c1ccc(cc1)C(=O)Nc2ccc(cc2)C3=NNC(=O)c4ccccc34,CHEMBL3968772
COc1cc(ccc1NC(=O)[C@@H]2COc3ccc(Cl)cc3C2)c4cn[nH]c4,CHEMBL519959
COc1cc(NC(=O)[C@H]2COc3ccc(Cl)cc3C2)ccc1c4cn[nH]c4,CHEMBL482363
O=C(NCc1ccccc1)c2cccc(NCc3nc(c[nH]3)c4ccncc4)c2,CHEMBL4067877
COc1cc(ccc1C(=O)N[C@H](c2ccccc2F)C(C)(C)O)c3cn[nH]c3,CHEMBL3965594
COc1ccc(F)c(c1)[C@H](C)NC(=O)c2ccc(cc2OC)c3c[nH]nc3C,CHEMBL3950642
COc1cc(ccc1c2cn[nH]c2)C(=O)N[C@H](c3ccccc3F)C(C)(C)O,CHEMBL3962377
COC(=O)c1cc(CNC(=O)c2ccc(c(OC)c2)c3cn[nH]c3)ccc1F,CHEMBL3928198
O=C1NN=C(c2ccc(cc2)N3CCN(C3=O)c4ccccc4)c5ccccc15,27.2
Clc1cc2C(=O)NC=Cc2cc1NC(=O)[C@@H]3C[NH2+]CC[C@H]3c4ccccc4,CHEMBL1084324
Cc1cccc(c1)[C@H]2C[NH2+]C[C@@H]2C(=O)Nc3cc4C=CNC(=O)c4cc3Cl,CHEMBL1083749
COc1cc(cc2C(=O)NC(=Nc12)[C@H](N)c3ccc(Cl)cc3)c4cn[nH]c4,CHEMBL2333895
COc1cc(cc2C(=O)NC(=Nc12)[C@H](N)c3cccc(Cl)c3)c4cn[nH]c4,CHEMBL2333896
O=C(Nc1ccc(cc1)C2=CNC(=O)c3ccccc23)N4CCc5ccccc45,CHEMBL3921800
COc1cccc(c1)[C@@H](C)NC(=O)c2ccc(cc2OCCO)c3cn[nH]c3,CHEMBL4114112
COc1ccc2OC[C@@H](Cc2c1)C(=O)Nc3ccc(c(OC)c3)c4cn[nH]c4,CHEMBL519304
COc1ccc2OC[C@H](Cc2c1)C(=O)Nc3ccc(cc3OC)c4cn[nH]c4,CHEMBL482351
COc1cc(cc2C(=O)NC(=Nc12)[C@@H](N)Cc3cccc(F)c3)c4cn[nH]c4,CHEMBL2333907
COC(=O)c1cccc(c1)c2cc(ccc2CN)C(=O)Nc3ccncc3F,CHEMBL2440749
COc1cc(cc2C(=O)NC(=Nc12)[C@H](N)Cc3cccc(F)c3)c4cn[nH]c4,CHEMBL2333908
COc1cc(ccc1c2cn[nH]c2)C(=O)N[C@@H](CC[NH+](C)C)c3ccccc3,CHEMBL3901295
COc1cc(ccc1c2cn[nH]c2)C(=O)N[C@H](CNC(=O)C)c3ccccc3,CHEMBL4110514
CCNC(=O)c1cccc(CNC(=O)c2ccc(c(OC)c2)c3cn[nH]c3)c1,CHEMBL3956238
COc1cccc(OCC2=Nc3c(OC)cc(cc3C(=O)N2)c4cn[nH]c4)c1,CHEMBL1684229
COc1cc(ccc1c2cn[nH]c2)C(=O)NCc3c(F)ccc(F)c3Cl,CHEMBL3948586
COC(=O)c1ccc2OC[C@@H](Cc2c1)C(=O)Nc3ccc(cc3)c4cn[nH]c4,CHEMBL481684
COc1cc(cc2C(=O)NC(=Nc12)[C@@H]3COc4ccccc4O3)c5cn[nH]c5,CHEMBL1684228
COc1cc(ccc1c2cn[nH]c2)C(=O)NCc3cccc(Cl)c3Cl,CHEMBL3915532
COc1cc(ccc1c2cn[nH]c2)C(=O)NCc3cc(Cl)ccc3Cl,CHEMBL3922088
CCOC(=O)c1cccc(c1)c2cc(ccc2CN)C(=O)Nc3ccncc3,CHEMBL2440744
Fc1ccc(cc1)[C@@H]2C[NH2+]C[C@H]2C3=[NH+]c4ccc(cc4C(=O)N3)c5cn[nH]c5,CHEMBL2333897
C[C@@H](NC(=O)c1ccc(c(OC(F)F)c1)c2cn[nH]c2)c3ccc(F)cc3,CHEMBL4114240
COc1cccc(CN(C)C(=O)c2cn(C)c3cc(ccc23)c4cn[nH]c4)c1,CHEMBL1922124
Cc1cc(ccc1c2cn[nH]c2)C(=O)NCc3cccc(c3)C(=O)NC4CC4,CHEMBL3939581
COc1ccc2OC[C@H](Cc2c1)c3oc4cc(ccc4n3)c5ccnc(N)n5,CHEMBL461338
COc1ccc2OC[C@@H](Cc2c1)C3=[NH+]c4ccc(cc4C(=O)N3)c5cn[nH]c5,CHEMBL1684200
COc1ccc2OC[C@H](Cc2c1)C3=[NH+]c4ccc(cc4C(=O)N3)c5cn[nH]c5,CHEMBL1684201
COc1cc(ccc1c2cn[nH]c2)C(=O)N[C@@H](C)c3c(F)cccc3Cl,CHEMBL3926244
CC[NH+]1c2cnccc2c3ccc(cc13)C(=O)N[C@H](C)c4cccc(OC)c4,CHEMBL3578253
COc1ccc2OC[C@@H](Cc2c1)c3nc4ccc(cc4[nH]3)c5ccnc(N)n5,CHEMBL454638
OC[C@@H](NC(=O)c1ccc(c(OC(F)F)c1)c2cn[nH]c2)c3ccccc3,CHEMBL4107796
COc1ccc(F)c(CNC(=O)c2ccc(c(OC)c2)c3cn[nH]c3)c1F,CHEMBL3926788
COc1cc(ccc1c2cn[nH]c2)C(=O)NCc3cccc(OC(F)F)c3,CHEMBL3943648
COc1cc(ccc1c2cn[nH]c2)C(=O)N[C@@H](CO)c3c(F)cccc3F,CHEMBL3920393
COc1cc(ccc1c2cn[nH]c2)C(=O)N[C@H](C)c3ccc4ccccc4c3,CHEMBL3916608
Cc1n[nH]cc1c2ccc3[NH+]=C(NC(=O)c3c2)[C@@H]4C[NH2+]C[C@H]4c5ccccc5,CHEMBL2334291
COc1cc(ccc1c2cn[nH]c2)C(=O)N[C@@H](C)c3cccc4ccccc34,CHEMBL3969951
COc1ccc(F)c(c1)[C@H](C)NC(=O)c2ccc(cc2OC)c3cn[nH]c3,CHEMBL3899661
COc1cccc(c1)[C@@H](C)NC(=O)c2ccc(c(OC)c2F)c3cn[nH]c3,CHEMBL4111518
COc1ccc(F)c(c1)[C@H](C)NC(=O)c2ccc(c(OC)c2)c3cn[nH]c3,CHEMBL3898965
COc1cc(ccc1c2cn[nH]c2)C(=O)NCc3ccc(F)c(c3)C(=O)[O-],CHEMBL3964232
Clc1cc2C(=O)NC=Cc2cc1NC(=O)[C@@H]3C[NH2+]C[C@H]3c4cccnc4,CHEMBL1084104
Clc1cc2C(=O)NC=Cc2cc1NC(=O)[C@@H]3C[NH2+]C[C@H]3c4ccccc4,CHEMBL1084597
COc1cc(ccc1c2cn[nH]c2)C(=O)NC3(CC3)c4ccccc4Cl,CHEMBL3923391
COc1cc(ccc1c2cn[nH]c2)C(=O)N[C@H](CO)[C@H](O)c3ccccc3,CHEMBL4108938
COc1cc(ccc1c2cn[nH]c2)C(=O)N[C@H]([C@H](O)CO)c3ccccc3,CHEMBL4107687
COc1cc(ccc1C(=O)N[C@H]([C@H](O)CO)c2ccccc2)c3cn[nH]c3,CHEMBL4107177
COc1cc(NC(=O)[C@H]2COc3ccccc3C2)c(F)cc1c4cn[nH]c4,CHEMBL514172
COc1cc(NC(=O)[C@H]2COc3ccc(F)cc3C2)ccc1c4cn[nH]c4,CHEMBL482337
COc1cc(c(F)cc1NC(=O)[C@@H]2COc3ccccc3C2)c4cn[nH]c4,CHEMBL481731
COc1cc(ccc1NC(=O)[C@@H]2COc3ccc(F)cc3C2)c4cn[nH]c4,CHEMBL520103
N[C@H](Cc1ccc(F)c(F)c1)C2=Nc3ccc(cc3C(=O)N2)c4cn[nH]c4,CHEMBL2333912
NC[C@@H](NC(=O)c1ccc(c(OCCO)c1)c2cn[nH]c2)c3ccccc3,CHEMBL4111527
COc1cccc(c1)[C@H](CCO)NC(=O)Nc2ccc(cc2)c3cn[nH]c3,CHEMBL2332076
COc1cccc(CN(CCO)C(=O)Nc2ccc(cc2)c3cn[nH]c3)c1,CHEMBL2332065
N[C@@H](Cc1ccc(Cl)cc1)C2=Nc3ccc(cc3C(=O)N2)c4cn[nH]c4,CHEMBL2334293
N[C@H](Cc1ccc(Cl)cc1)C2=Nc3ccc(cc3C(=O)N2)c4cn[nH]c4,CHEMBL2334294
COc1cccc(CNC(=O)Nc2ccc(cc2N(C)C)c3cn[nH]c3)c1,CHEMBL3402452
COc1cccc(CN(CC[NH3+])C(=O)Nc2ccc(cc2)c3cn[nH]c3)c1,CHEMBL2332067
CCOc1cc(ccc1C(=O)N[C@H](C)c2cccc(OC)c2)c3cn[nH]c3,CHEMBL4111653
COc1cccc(c1)[C@@H](C)NC(=O)c2ccc(cc2OC)c3c[nH]nc3C,CHEMBL4115244
COC(=O)c1cccc(CNC(=O)c2ccc(c(OC)c2)c3cn[nH]c3)c1,CHEMBL3928809
COc1cccc(CN(C(C)C)C(=O)Nc2ccc(cc2)c3cn[nH]c3)c1,CHEMBL2332064
CNC(=O)c1cccc(CNC(=O)c2ccc(c(OC)c2)c3cn[nH]c3)c1,CHEMBL3958305
C[NH+](C)CC[C@@H](NC(=O)Nc1ccc(cc1)c2cn[nH]c2)c3ccccc3,CHEMBL2332059
COc1cc(ccc1c2cn[nH]c2)C(=O)NCc3ccc4sccc4c3,CHEMBL3964208
COc1cc(ccc1NC(=O)[C@H]2COc3ccc(C)cc3C2)c4cn[nH]c4,CHEMBL519269
CCNC(=O)c1cccc(CNC(=O)c2ccc(c(C)c2)c3cn[nH]c3)c1,CHEMBL3986370
COc1cccc(CN(C2CC2)C(=O)Nc3ccc(cc3)c4cn[nH]c4)c1,CHEMBL2332099
COc1cccc(c1)[C@@H](CCO)NC(=O)c2ccc(cc2)c3ccncc3,6.38
Fc1ccc2OC[C@@H](Cc2c1)C3=[NH+]c4ccc(cc4C(=O)N3)c5cn[nH]c5,CHEMBL1684204
COc1cccc(CNC(=O)c2cc3ccc(nc3[nH]2)c4cn[nH]c4C)c1,CHEMBL1923165
COc1cccc(CN(C)C(=O)c2cc3ccc(nc3[nH]2)c4cn[nH]c4)c1,CHEMBL1922042
COc1cccc(c1)[C@@H](C)NC(=O)c2cc3ccc(nc3[nH]2)c4cn[nH]c4,CHEMBL1923181
COc1cccc(CNC(=O)c2cn(C)c3nc(ccc23)c4cn[nH]c4)c1,CHEMBL1922136
COc1cccc(CNC(=O)c2cc3ccc(nc3n2C)c4cn[nH]c4)c1,CHEMBL1922035
COc1ccc(C[C@H]([NH3+])C2=Nc3ccc(cc3C(=O)N2)c4cn[nH]c4)cc1,CHEMBL2333909
COC(=O)c1cccc(c1)c2cc(ccc2CN)C(=O)Nc3ccncc3,CHEMBL2440743
COc1ccc2O[C@]3(CCN(C3=O)c4ccc(cc4)c5cn[nH]c5)Cc2c1,28.24
Nc1nccc(n1)c2ccc3nc([nH]c3c2)[C@H]4COc5ccc(F)cc5C4,CHEMBL518825
COc1cc(ccc1c2cn[nH]c2)C(=O)NCc3cc(F)c(F)c(F)c3,CHEMBL3953239
COc1cc(ccc1c2cn[nH]c2)C(=O)NCc3cc(F)cc(F)c3F,CHEMBL3973474
COc1cc(ccc1c2cn[nH]c2)C(=O)NCc3c(F)ccc(F)c3F,CHEMBL3965554
Nc1nccc(n1)c2ccc3nc(sc3c2)[C@H]4COc5ccccc5C4,CHEMBL1079782
COc1cccc(CN(C)C(=O)c2cc3ccc(cc3[nH]2)c4cn[nH]c4)c1,CHEMBL1922029
COc1cccc(CN(C)C(=O)c2c[nH]c3cc(ccc23)c4cn[nH]c4)c1,CHEMBL1922046
COc1cccc(c1)[C@@H](C)NC(=O)c2c[nH]c3cc(ccc23)c4cn[nH]c4,CHEMBL1923173
COc1cccc(CNC(=O)c2cn(C)c3cc(ccc23)c4cn[nH]c4)c1,CHEMBL1922047
COc1nc(ccc1c2cn[nH]c2)N3CCC4(Cc5ccccc5C4)C3=O,28.23
OC[C@@H]1CN(C(=O)[C@@]12Cc3ccccc3N2)c4ccc(cc4)c5cn[nH]c5,28.52
COc1cccc(c1)[C@@H](C)NC(=O)c2ccc3c(OCc4cnccc34)c2,CHEMBL3578250
COc1cc(ccc1C(=O)NCc2c(F)cccc2Cl)c3cn[nH]c3,CHEMBL3978005
COc1cc(ccc1c2cn[nH]c2)C(=O)NCc3cc(F)ccc3Cl,CHEMBL3908876
COc1cc(ccc1c2cn[nH]c2)C(=O)NCc3c(F)cccc3Cl,CHEMBL3960608
COc1cc(ccc1c2cn[nH]c2)C(=O)NCc3ccc(F)cc3Cl,CHEMBL3969934
COc1cc(ccc1C(=O)NCc2ccc(F)cc2Cl)c3cn[nH]c3,CHEMBL3904054
COc1cc(ccc1c2cn[nH]c2)C(=O)NCc3ccc(Cl)cc3F,CHEMBL3938495
COc1c(cccc1c2nc3ccc4[nH]ncc4c3c5CCCc25)B(O)O,HSD1590
COc1cccc(CNC(=O)c2c[nH]c3nc(ccc23)c4ccncc4)c1,CHEMBL1923168
Cc1ccc2OC[C@@H](Cc2c1)C3=[NH+]c4ccc(cc4C(=O)N3)c5cn[nH]c5,CHEMBL1684203
O=C1NC(=Nc2ccc(cc12)c3cn[nH]c3)[C@@H]4C[NH2+]C[C@H]4c5ccccc5,CHEMBL2334292
COc1cccc(CNC(=O)c2c[nH]c3cc(ccc23)c4ccncc4)c1,CHEMBL1923167
COc1cc(ccc1c2cn[nH]c2)C(=O)N[C@@H](C)c3cc(F)cc(F)c3,CHEMBL3934001
COc1cc(ccc1C(=O)N[C@@H](C)c2c(F)cccc2F)c3cn[nH]c3,CHEMBL3894616
C[C@@H](NC(=O)c1ccc(c(OC(F)F)c1)c2cn[nH]c2)c3ccccc3,CHEMBL4108218
COc1cc(ccc1c2cn[nH]c2)C(=O)NCc3c(F)ccc(C)c3F,CHEMBL3943471
COc1cc(ccc1c2cn[nH]c2)C(=O)N[C@@H](C)c3c(F)cccc3F,CHEMBL3946084
COc1cccc(CNC(=O)Nc2ccc(cc2Cl)c3cn[nH]c3)c1,CHEMBL3402454
COc1cc(ccc1c2cn[nH]c2)C(=O)N[C@@H](C)c3ccccc3Cl,CHEMBL3984075
COc1cc(ccc1c2cn[nH]c2)C(=O)NCCc3ccccc3Cl,CHEMBL3920786
COc1cc(ccc1c2cn[nH]c2)C(=O)N[C@H](C)c3ccccc3Cl,CHEMBL3890863
COc1cccc(c1)[C@@H](C)NC(=O)c2ccc(c(Cl)c2)c3cn[nH]c3,CHEMBL4109840
COc1cc(ccc1C(=O)N[C@@H](CO)c2ccccc2F)c3cn[nH]c3,CHEMBL3890689
COc1cc(ccc1c2cn[nH]c2)C(=O)N[C@@H](CO)c3ccccc3F,CHEMBL3947211
COc1ccc(F)c(CNC(=O)c2ccc(c(OC)c2)c3cn[nH]c3)c1,CHEMBL3892122
COc1cc(CNC(=O)c2ccc(c(OC)c2)c3cn[nH]c3)ccc1F,CHEMBL3985775
Fc1cc(NC(=O)[C@@H]2COc3ccccc3C2)cc(F)c1c4cn[nH]c4,CHEMBL480746
COc1cccc(c1)[C@@H](C)NC(=O)Nc2[nH+]c(cs2)c3ccncc3,CHEMBL3218282
COc1cccc(CNC(=O)N(C)c2[nH+]c(cs2)c3ccncc3)c1,CHEMBL3218275
OCC[C@@H](NC(=O)Nc1ccc(cc1)c2cn[nH]c2)c3cccc(F)c3,CHEMBL2332056
Clc1ccc2OC[C@H](Cc2c1)C(=O)Nc3ccc(cc3)c4cn[nH]c4,CHEMBL475613
C[C@H](O)c1cc(ccc1c2cn[nH]c2)C(=O)N[C@H](C)c3ccc(F)cc3,CHEMBL4107581
C[C@H](O)c1cc(ccc1c2cn[nH]c2)C(=O)N[C@H](C)c3ccccc3F,CHEMBL4113260
Oc1ccc2nc(nc(Nc3ccc4[nH]ncc4c3)c2c1)c5ccccc5,CHEMBL3666761
Oc1ccccc1c2nc(Nc3ccc4[nH]ncc4c3)c5ccccc5n2,CHEMBL3666746
COc1cccc(CNC(=O)Nc2ccc(cc2OC)c3cn[nH]c3)c1,CHEMBL3402453
Fc1ccc(CNC(=O)c2c[nH]c3cc(ccc23)c4cn[nH]c4)cc1F,CHEMBL1923172
N[C@H](C1=Nc2ccc(cc2C(=O)N1)c3cn[nH]c3)c4ccc(Cl)cc4,CHEMBL2333893
COc1cc(ccc1c2cn[nH]c2)C(=O)N[C@@H](CCO)c3ccccc3,CHEMBL3957255
COc1cc(ccc1c2cn[nH]c2)C(=O)N[C@H](CO)Cc3ccccc3,CHEMBL3896691
COC[C@@H](NC(=O)c1ccc(c(OC)c1)c2cn[nH]c2)c3ccccc3,CHEMBL4112614
COc1cc(ccc1C(=O)N[C@H](CCO)c2ccccc2)c3cn[nH]c3,CHEMBL4108559
COc1cccc(c1)[C@@H](C)NC(=O)c2ccc(cc2OC)c3cn[nH]c3,CHEMBL3907133
COc1cccc(c1)[C@@H](C)NC(=O)c2ccc(c(OC)c2)c3cn[nH]c3,CHEMBL3913336
COc1cc(ccc1NC(=O)[C@H]2COc3ccccc3O2)c4cn[nH]c4,CHEMBL485215
COc1cc(ccc1c2cn[nH]c2)C(=O)NCc3cccc(c3)C(=O)[O-],CHEMBL3921882
COc1cc(ccc1C(=O)N[C@H](C[NH3+])Cc2ccccc2)c3cn[nH]c3,CHEMBL3956875
CCN(Cc1cccc(OC)c1)C(=O)Nc2ccc(cc2)c3cn[nH]c3,CHEMBL2332098
COc1cc(ccc1c2cn[nH]c2)C(=O)N[C@H](C[NH3+])Cc3ccccc3,CHEMBL3964418
COc1cccc(c1)[C@@H](C)NC(=O)c2ccc(cc2)c3ccncc3F,6.23
COc1cc(ccc1c2cn[nH]c2)C(=O)NCc3cccc(c3)C(=O)N,CHEMBL3985772
Nc1ncnc2c1c(cn2[C@@H]3C[C@H](CN4CCC4)C3)c5cccc(O)c5,CHEMBL3787112
COc1cc(NC(=O)[C@H]2COc3ccccc3C2)ccc1c4cn[nH]c4,CHEMBL480585
COc1cc(ccc1NC(=O)[C@H]2COc3ccccc3C2)c4cn[nH]c4,CHEMBL480586
COc1ccc2OC[C@@H](Cc2c1)C(=O)Nc3ccc(cc3)c4cn[nH]c4,CHEMBL475601
COC(=O)c1cccc(CNC(=O)c2ccc(c(C)c2)c3cn[nH]c3)c1,CHEMBL3934418
N[C@H](Cc1cccc(F)c1)C2=Nc3ccc(cc3C(=O)N2)c4cn[nH]c4,CHEMBL2333914
N[C@@H](Cc1ccc(F)cc1)C2=Nc3ccc(cc3C(=O)N2)c4cn[nH]c4,CHEMBL2333905
N[C@H](Cc1ccc(F)cc1)C2=Nc3ccc(cc3C(=O)N2)c4cn[nH]c4,CHEMBL2333906
C[NH+](C)C[C@@H](NC(=O)c1ccc(c(C)c1)c2cn[nH]c2)c3ccccc3,CHEMBL4109081
COc1cc(ccc1c2cn[nH]c2)C(=O)NCc3cccc4[nH]ncc34,CHEMBL3936240
COc1ccccc1CNC(=O)c2cc3ccc(nc3[nH]2)c4cn[nH]c4,CHEMBL1923179
COc1cccc(CNC(=O)c2c[nH]c3nc(ccc23)c4cn[nH]c4)c1,CHEMBL1922132
COc1cccc(CNC(=O)c2cc3ccc(nc3[nH]2)c4cn[nH]c4)c1,CHEMBL1922034
COc1ccccc1CNC(=O)c2c[nH]c3cc(ccc23)c4cn[nH]c4,CHEMBL1923169
COc1cccc(c1)[C@H](C)NC(=O)c2ccc(c3cn[nH]c3)c(c2)C#N,CHEMBL3937334
COc1cccc(CNC(=O)c2cc3ccc(cc3[nH]2)c4cn[nH]c4)c1,CHEMBL1922026
COc1cccc(CNC(=O)c2c[nH]c3cc(ccc23)c4cn[nH]c4)c1,CHEMBL1922045
Oc1ccc2C[C@@]3(CCN(C3=O)c4ccc(cc4)c5cn[nH]c5)Nc2c1,28.37
O=C1NC(=Nc2ccc(cc12)c3cn[nH]c3)[C@@H]4CCc5ccccc5O4,CHEMBL1684196
O=C1NC(=[NH+]c2ccc(cc12)c3cn[nH]c3)[C@H]4COc5ccccc5C4,CHEMBL1684197
Cc1cc(ccc1c2cn[nH]c2)C(=O)NCc3c(F)cccc3Cl,CHEMBL3921203
Nc1nccc(n1)c2ccc3nc([nH]c3c2)[C@@H]4COc5ccccc5C4,CHEMBL454654
COc1cc(ccc1c2cn[nH]c2)C(=O)NCc3ccc(F)c(F)c3,CHEMBL3969590
COc1cc(ccc1c2cn[nH]c2)C(=O)NCc3cc(F)ccc3F,CHEMBL3921599
COc1cc(ccc1C(=O)NCc2c(F)cccc2F)c3cn[nH]c3,CHEMBL3939886
COc1cc(ccc1c2cn[nH]c2)C(=O)NCc3c(F)cccc3F,CHEMBL3896978
CCn1c(nc2cncc(C(=O)N3CC[C@H]([NH3+])C3)c12)c4nonc4N,CHEMBL1956071
COc1cc(ccc1C(=O)NCc2ccccc2Cl)c3cn[nH]c3,CHEMBL3914530
COc1cc(ccc1c2cn[nH]c2)C(=O)NCc3ccc(Cl)cc3,CHEMBL3965421
COc1cc(ccc1c2cn[nH]c2)C(=O)NCc3ccccc3Cl,CHEMBL3960736
NC1(Cc2ccc(Cl)cc2)CCN(CC1)c3cc[nH+]c4[nH]ccc34,CHEMBL596991
N[C@@H](Cc1ccc(Cl)cc1)C(=O)Nc2ccc(cc2)c3cn[nH]c3,CHEMBL1215021
OC[C@@H](NC(=O)Nc1[nH+]c(cs1)c2ccncc2)c3ccccc3,CHEMBL3218278
COc1cccc(CNC(=O)Nc2[nH+]c(cs2)c3ccncc3)c1,CHEMBL3218006
COc1cccc(CNC(=O)Nc2ccc(cc2F)c3cn[nH]c3)c1,CHEMBL3402455
O=C(Nc1[nH+]c(cs1)c2ccncc2)[C@H]3COc4ccccc4O3,CHEMBL510515
COc1cccc(c1)[C@@H](C)NC(=O)c2ccc(cc2F)c3cn[nH]c3,CHEMBL4110256
COc1cc(ccc1c2cn[nH]c2)C(=O)N[C@@H](C)c3ccccc3F,CHEMBL3965274
COc1cc(ccc1C(=O)N[C@H](C)c2ccc(F)cc2)c3cn[nH]c3,CHEMBL4112558
COc1cc(ccc1c2cn[nH]c2)C(=O)N[C@H](C)c3ccc(F)cc3,CHEMBL3901566
COc1cc(ccc1c2cn[nH]c2)C(=O)N[C@@H](C)c3cccc(O)n3,CHEMBL3965517
COc1cc(ccc1c2cn[nH]c2)C(=O)NCCc3cccc(O)c3,CHEMBL3976118
COc1cccc(CNC(=O)c2ccc(cc2OC)c3cn[nH]c3)c1,CHEMBL3944065
COc1cc(ccc1c2cn[nH]c2)C(=O)N[C@H](CO)c3ccccc3,CHEMBL3955445
COc1cccc(CNC(=O)c2ccc(c(OC)c2)c3cn[nH]c3)c1,CHEMBL3951271
Fc1cc(ccc1NC(=O)[C@@H]2COc3ccccc3C2)c4cn[nH]c4,CHEMBL519101
Fc1ccc2OC[C@H](Cc2c1)C(=O)Nc3ccc(cc3)c4cn[nH]c4,CHEMBL475612
O=C(NCCc1cccs1)c2c[nH]c3cc(ccc23)c4cn[nH]c4,CHEMBL1923177
COc1cccc(CNC(=O)Nc2ccc(cc2)c3c[nH]nc3C)c1,CHEMBL3402447
COc1cc(ccc1c2cn[nH]c2)C(=O)N[C@@H](CN)c3ccccc3,CHEMBL3955270
COc1cccc(CN(C)C(=O)Nc2ccc(cc2)c3cn[nH]c3)c1,CHEMBL2332097
OCC[C@@H](NC(=O)Nc1ccc(cc1)c2cn[nH]c2)c3ccccc3,CHEMBL2332057
COc1cc(ccc1c2cn[nH]c2)C(=O)N[C@H](CN)c3ccccc3,CHEMBL4114628
C[C@H](O)c1cc(ccc1c2cn[nH]c2)C(=O)N[C@H](C)c3ccccc3,CHEMBL4112045
COc1cccc(c1)[C@@H](C)NC(=O)c2ccc(c(C)c2)c3cn[nH]c3,CHEMBL4111655
C[C@H]([NH3+])c1ccc(cc1c2ccc(F)cc2)C(=O)Nc3ccncc3,CHEMBL2440742
CCn1c(nc2cncc(c3ccc(CN)cc3)c12)c4nonc4N,CHEMBL1963169
CC(C)N(Cc1ccccc1)C(=O)Nc2ccc(cc2)c3cn[nH]c3,CHEMBL3402475
Cc1ccc2OC[C@@H](Cc2c1)C(=O)Nc3ccc(cc3)c4cn[nH]c4,CHEMBL482309
COc1cc(ccc1c2cn[nH]c2)C(=O)N[C@@H]3C[C@H]3c4ccccc4,CHEMBL3965294
COc1cccc(CNC(=O)Nc2ccc(cc2)c3ccncc3)c1,CHEMBL3402448
COc1cccc(c1)[C@@H](C)NC(=O)c2ccc(cc2)c3ccncc3,6.16
COc1cc(ccc1c2cn[nH]c2)C(=O)NCc3cccc(c3)C#N,CHEMBL3914478
Cc1[nH]ncc1c2ccc3nc(oc3c2)[C@H]4COc5ccccc5C4,CHEMBL508975
Cc1[nH]ncc1c2ccc3nc([nH]c3c2)[C@H]4COc5ccccc5C4,CHEMBL453635
C1Oc2ccccc2C[C@@H]1c3nc4ccc(cc4[nH]3)c5ccncc5,CHEMBL452734
Oc1ccc2[nH]c3c4[nH]c5ccccc5c4c6CNC(=O)c6c3c2c1,8.2
N[C@H](C(=O)Nc1ccc(cc1)c2cn[nH]c2)c3ccc(Cl)cc3,CHEMBL1215022
Oc1cccc(CNC(=O)Nc2[nH+]c(cs2)c3ccncc3)c1,CHEMBL3218011
C[C@@H](NC(=O)c1ccc(c(O)c1)c2cn[nH]c2)c3ccc(F)cc3,CHEMBL4113669
COc1cc(ccc1c2cn[nH]c2)C(=O)NCc3cccc(F)c3,CHEMBL3967386
COc1cc(ccc1c2cn[nH]c2)C(=O)NCc3ccccc3F,CHEMBL3966859
C[C@H]1C[NH2+]CCCN1S(=O)(=O)c2cccc3cncc(F)c23,CHEMBL3426621
COc1cc(ccc1c2cn[nH]c2)C(=O)NCc3ccccc3O,CHEMBL3986384
COc1cc(ccc1c2cn[nH]c2)C(=O)NCc3cccc(O)c3,CHEMBL3986802
COc1cccc(CNC(=O)Nc2ccc(cc2)c3cn[nH]c3)c1,CHEMBL3402466
OC[C@@H](NC(=O)Nc1ccc(cc1)c2cn[nH]c2)c3ccccc3,CHEMBL2332058
COc1cccc(CNC(=O)c2ccc(c(C)c2)c3cn[nH]c3)c1,CHEMBL3967606
COc1cc(ccc1c2cn[nH]c2)C(=O)N[C@@H](C)c3ccccc3,CHEMBL3891623
COc1cc(ccc1c2cn[nH]c2)C(=O)NCc3ccccc3C,CHEMBL3952342
COc1cc(ccc1c2cn[nH]c2)C(=O)N[C@H](C)c3ccccc3,CHEMBL3936323
O=C(Nc1ccc(cc1)c2cn[nH]c2)[C@H]3COc4ccccc4O3,CHEMBL519123
O=C(Nc1ccc(cc1)c2c[nH]cn2)[C@H]3COc4ccccc4O3,CHEMBL485214
Cc1cc(ccc1c2cn[nH]c2)C(=O)N[C@H](C[NH3+])c3ccccc3,CHEMBL4107839
C[C@H]1C[NH2+]CCCN1S(=O)(=O)c2cccc3cncc(C)c23,CHEMBL406821
O=C(Nc1ccc(cc1)c2cn[nH]c2)[C@H]3COc4ccccc4C3,CHEMBL455658
[NH3+]C[C@@](O)(c1ccc(Cl)cc1)c2ccc(cc2)c3cn[nH]c3,CHEMBL3544960
Fc1cccc(CNC(=O)Nc2ccc(cc2)c3cn[nH]c3)c1,CHEMBL3402446
Nc1cccc(CNC(=O)Nc2ccc(cc2)c3cn[nH]c3)c1,CHEMBL3402444
COc1cc(ccc1c2cn[nH]c2)C(=O)NCc3ccccc3,CHEMBL3910168
[NH3+][C@H]1CC[C@H](C1)C(=O)Nc2cc3C=CNC(=O)c3cc2Cl,CHEMBL1222573
C[C@@H](NC(=O)c1ccc(c(C)c1)c2cn[nH]c2)c3ccccc3,CHEMBL4111337
Oc1cccc(CNC(=O)c2ccc(cc2)c3ccncc3)c1,6.9
O=C(Nc1ccc(cc1)c2cn[nH]c2)OCc3ccccc3,CHEMBL2332080
[NH3+]C[C@H](C(=O)Nc1ccc2cnccc2c1)c3ccccc3,CHEMBL3770836
C[C@@H](N)[C@@H]1CC[C@H](CC1)C(=O)Nc2cc[nH+]c3[nH]ccc23,CHEMBL3793353
N[C@H](C(=O)Nc1ccc2cnccc2c1)c3ccccc3,CHEMBL3770730
CCn1c(nc2cnccc12)c3nonc3N,CHEMBL189657
